ListingID,Vehicle_Trim,Dealer_Listing_Price
8622015,Laredo E,37984.37097
8625693,Altitude,23115.9534
8625750,75th Anniversary,24327.93167
8626885,75th Anniversary,23577.32866
8627430,Limited 75th Anniversary Edition,37362.71012
8629427,Limited 75th Anniversary,29264.07691
8629962,Base,23998.59571
8630638,FWD,23281.15693
8630762,Luxury FWD,37510.49278
8630863,,36937.87315
8632283,FWD,31225.2519
8636188,Laredo E,35888.43352
8639022,,37048.9359
8639992,Luxury FWD,42176.77869
8642278,,41219.36332
8645005,Limited X,35354.45584
8647894,Limited,39273.61599
8649794,Limited X,46100.14222
8649823,FWD,24548.93303
8649882,High Altitude,34933.95632
8649990,Limited 75th Anniversary Edition,28195.83343
8650124,Limited X,38183.28906
8650801,Sterling Edition,31799.78929
8651224,Luxury,41238.8883
8652632,Luxury AWD,38821.59974
8653006,High Altitude,25101.24782
8658883,Laredo,38147.48654
8659342,Luxury FWD,38001.44947
8662383,,32533.00127
8669384,FWD,28217.89981
8671524,Limited 4x4,27189.72847
8672026,Limited,36694.48405
8672257,Luxury,42107.66401
8673950,Platinum AWD,32964.82326
8675453,Platinum AWD,40053.6847
8676143,Platinum,40892.42024
8676310,Luxury AWD,40223.83661
8678580,Laredo E,31265.49724
8679149,Luxury FWD,30848.1843
8679547,Luxury FWD,41977.02736
8680063,High Altitude,30456.55581
8681351,Limited X,28205.26826
8682130,Limited,38787.80607
8685178,FWD,28940.03629
8685494,FWD,30299.92058
8688404,Limited 75th Anniversary Edition,32047.90674
8689262,Limited 4x4,31184.02311
8690508,Limited 75th Anniversary,42291.08283
8696312,Luxury AWD,35875.29168
8696425,Limited,29937.97724
8696729,Limited X,38824.13252
8698318,High Altitude,24592.92307
8699866,Limited,26177.32906
8700680,High Altitude,28886.97031
8700782,FWD,26549.61894
8701052,Laredo,23561.85058
8703303,Base,29417.67867
8703314,Laredo E,26259.00369
8703687,Limited X,44380.17133
8705829,Limited,29370.2068
8708177,Laredo,30315.06565
8708997,Altitude,32355.73163
8713194,Base,30619.82895
8713551,Limited X,41732.32231
8715315,Limited,30233.12778
8718421,Limited X,34663.14261
8718892,Luxury FWD,44896.32944
8719459,Limited 4x4,33919.28304
8719843,Base,24405.67879
8721367,Limited X,39767.47506
8722856,,44560.96604
8723145,High Altitude,25412.28622
8725197,Overland,38436.46515
8726207,Base,23238.27356
8728341,Platinum AWD,39292.648
8731070,Base,32646.77943
8731778,Limited,35853.15568
8732502,FWD,31231.43543
8733105,Altitude,24183.40053
8733348,Laredo,32420.92953
8734134,Sterling Edition,29516.81456
8735199,Limited,26172.30971
8736941,High Altitude,25377.38295
8737138,FWD,29911.60371
8737369,Overland,26833.55127
8738278,Limited X,28730.56211
8738997,Altitude,33530.77839
8740256,Laredo,29269.09753
8741052,Limited,25508.42623
8741622,FWD,24792.40163
8741675,Luxury,40070.70073
8742122,Luxury,29087.6818
8743684,Limited 75th Anniversary,38565.83448
8744434,Altitude,23639.69346
8744823,Limited 75th Anniversary Edition,37719.17291
8745530,Luxury FWD,39924.91378
8748844,Limited 75th Anniversary,36951.37842
8748971,Laredo,34903.35343
8751027,Laredo E,27648.95363
8752468,FWD,26492.78404
8755014,Limited 4x4,37031.67299
8755163,FWD,26497.9101
8755667,FWD,27379.49946
8757996,Limited X,25932.74759
8762626,Limited 75th Anniversary,34012.62943
8762667,Limited 75th Anniversary Edition,28231.2737
8762899,Base,27162.06308
8763751,75th Anniversary Edition,31582.06669
8763821,High Altitude,29111.74906
8767336,Luxury FWD,41208.27969
8770094,Limited,26030.84609
8771103,Laredo,37564.96532
8773520,Limited,37761.01504
8773530,Limited X,40519.07363
8775044,Base,23572.46222
8776271,Limited X,27742.21799
8778248,Laredo E,36529.57782
8778777,FWD,25607.19036
8779975,Laredo,37567.89666
8780968,Laredo E,36844.91091
8782307,Laredo,24897.55375
8783572,FWD,26959.80506
8784312,Base,27567.39447
8790084,FWD,25626.28084
8792211,SRT Night,36930.67831
8792689,Luxury AWD,39892.27183
8792800,High Altitude,33091.48677
8793492,,36025.58618
8797652,FWD,31494.53751
8798473,Laredo E,36764.20367
8799598,Laredo,24312.68939
8801810,Luxury FWD,31053.43585
8802118,Limited 75th Anniversary,33579.07332
8803116,Laredo,30662.43078
8805222,FWD,27318.48358
8807647,Luxury AWD,34987.88487
8808078,Limited 75th Anniversary,36304.85409
8808734,Limited X,32884.36163
8809036,Limited 75th Anniversary,39724.34565
8811046,Base,25243.48904
8813660,Luxury AWD,37352.37493
8814784,Overland,39592.67205
8818148,,37882.27267
8819312,Luxury,46536.86906
8821060,Limited,25838.34189
8823290,Limited 4x4,33716.37566
8828095,Luxury AWD,29122.46566
8832252,Limited 75th Anniversary,37350.07981
8836683,Laredo,28960.59045
8838453,Base,23388.36942
8839066,Luxury FWD,45946.56198
8839861,Laredo,43754.7039
8839864,Luxury,41123.61532
8841105,Laredo,29627.24108
8842094,Limited 4x4,32264.48227
8845024,Laredo E,31408.22802
8845396,Luxury,27730.30235
8846821,Base,27960.6616
8847220,Limited 75th Anniversary Edition,24825.21246
8847884,Limited 4x4,35879.31388
8847947,Limited X,27287.46628
8848060,Limited 75th Anniversary Edition,30189.53797
8848606,,30145.18028
8848800,Limited,28086.59266
8849033,High Altitude,27888.64147
8852187,Limited X,33433.98145
8857498,Luxury AWD,45551.36908
8859142,Limited 75th Anniversary,37240.35449
8861403,Limited,35087.66508
8862061,Limited X,38265.43228
8862218,Luxury FWD,37502.63516
8862750,Laredo E,25193.36801
8863636,Limited 75th Anniversary Edition,38037.67899
8864098,Platinum,35363.30235
8865317,FWD,23702.16179
8865375,Luxury AWD,41470.6165
8866160,Overland,36254.21843
8867911,Limited 75th Anniversary Edition,37443.88016
8868384,Luxury,24761.66197
8870124,Luxury FWD,28131.24588
8871316,Laredo E,30266.31203
8872677,Base,25026.69977
8873741,Limited X,32489.0494
8874489,Limited 75th Anniversary Edition,37384.12532
8875281,FWD,24276.75902
8877653,FWD,22057.5358
8878860,Luxury,37046.74767
8879286,Limited 75th Anniversary,31895.59115
8880654,FWD,30430.1474
8882429,Laredo,36638.15827
8883832,FWD,38586.91276
8885361,Limited,35708.52145
8886631,FWD,22705.54502
8887290,Limited,40781.84456
8890811,Limited 75th Anniversary,39573.87071
8892726,Limited X,34646.15061
8894998,Platinum AWD,39160.35537
8896259,SRT Night,29723.18591
8896844,Luxury,35582.01646
8903053,FWD,24158.20745
8905309,Limited,26079.3772
8906089,Platinum AWD,37483.68316
8907261,Laredo E,38786.21763
8910880,Base,33130.24977
8913457,Limited 4x4,25643.66486
8920706,Laredo,35484.51514
8923341,,53274.4089
8924317,Limited 75th Anniversary,40422.96272
8924690,Laredo E,39904.38364
8926643,Luxury FWD,43009.29916
8928406,Laredo E,26359.42804
8929742,Base,24415.43847
8929926,Limited 4x4,27008.45188
8930808,Limited 75th Anniversary,30439.45781
8930937,High Altitude,27194.90743
8931778,Base,24455.03249
8933685,High Altitude,34187.11037
8935770,Limited 75th Anniversary Edition,26801.78171
8936232,Laredo E,22524.88511
8937100,Luxury,36884.80918
8938334,Limited X,38810.2314
8940238,Laredo E,38921.46962
8941520,Laredo,37905.50376
8944605,Limited 75th Anniversary Edition,37205.16011
8944956,Limited 4x4,37211.35492
8945051,Luxury AWD,41481.68513
8949014,Overland,39494.87817
8951785,,29736.20486
8957202,Limited,25407.30076
8958712,Limited,27990.08684
8960658,Limited,34505.32299
8960735,Base,35036.42008
8963273,FWD,26242.01091
8966676,FWD,31243.60199
8967424,Limited 75th Anniversary Edition,28388.84006
8967637,Sterling Edition,32464.03059
8967902,Laredo E,34796.19448
8968163,Platinum,41589.85022
8969162,Limited 75th Anniversary Edition,36669.6974
8971572,Limited 75th Anniversary Edition,33410.87162
8972588,Laredo,28895.04009
8976359,Altitude,24510.67911
8976371,Limited 75th Anniversary,37559.48088
8976437,Luxury,38884.82015
8979434,Limited 75th Anniversary,35634.76711
8979469,Premium Luxury FWD,37718.36976
8980551,Limited 75th Anniversary,36457.76482
8980749,Luxury AWD,42619.75348
8981516,FWD,24701.74871
8982552,High Altitude,34460.41369
8984869,Limited,33843.73852
8984886,Limited 4x4,31584.42418
8985319,High Altitude,25472.46281
8987377,Limited 75th Anniversary Edition,38012.54481
8988647,Limited,32157.52603
8989401,Luxury FWD,43523.50358
8989494,75th Anniversary Edition,41526.32523
8989771,Limited 75th Anniversary,38290.4183
8993533,Laredo E,40665.80286
8993574,FWD,26523.85191
8993779,FWD,31692.17344
8994009,75th Anniversary Edition,25269.34039
8994339,Altitude,26940.6508
8997357,Base,34986.04273
8997534,Premium Luxury FWD,40148.16893
8998013,FWD,25441.26471
8998041,FWD,24227.06918
8998527,FWD,28320.89118
9000926,Limited 75th Anniversary,38135.9177
9001197,Limited,23800.55984
9002267,Overland,36753.92994
9002378,Premium Luxury,30727.39629
9003336,Limited 75th Anniversary,26030.03063
9003353,Laredo,26691.80153
9004390,Luxury,38836.45585
9005176,Base,30658.62747
9005700,Limited 4x4,34702.70731
9006012,FWD,23015.91146
9006888,Limited,27785.31765
9009050,Limited,42705.9397
9009618,,40932.32899
9018245,Laredo,37016.49272
9019956,Laredo,32807.82658
9020324,Limited 4x4,34770.31295
9021560,FWD,33608.10706
9021681,Limited,37434.0596
9022238,Limited X,40415.41932
9024615,Luxury FWD,44809.95495
9025682,,32598.59359
9030876,Limited 75th Anniversary Edition,37608.41933
9031240,Luxury,31773.6605
9032058,Luxury FWD,39018.1535
9034543,Limited 75th Anniversary Edition,36202.96619
9037800,Laredo E,37698.91864
9038397,Base,24131.82516
9038455,Laredo,23752.39091
9038802,Limited,37651.69491
9038889,Altitude,23558.92847
9039104,Limited 4x4,35019.34958
9040014,Luxury,38250.87314
9040581,Limited 4x4,35105.69679
9043405,Base,38059.67718
9043904,FWD,23421.70227
9044473,High Altitude,25567.13614
9048718,Luxury AWD,36252.98465
9048813,High Altitude,26246.19115
9049928,Laredo E,27357.8518
9050020,,28006.89482
9050273,High Altitude,29035.07784
9051265,Platinum,36899.10863
9051375,High Altitude,36873.91103
9052319,Limited 4x4,45266.95412
9053023,Laredo,29721.05007
9055610,Limited,40501.05622
9056031,FWD,36188.91536
9060576,Luxury FWD,30503.08503
9060896,High Altitude,31519.37608
9061361,Limited 75th Anniversary Edition,36504.37879
9063801,Limited,35462.4597
9065153,Limited 4x4,33473.63655
9065272,Limited 75th Anniversary,34510.3748
9067108,Overland,40847.86455
9067249,Luxury AWD,41385.04181
9067913,75th Anniversary Edition,23791.873
9067931,Laredo E,33435.56109
9070414,Limited 75th Anniversary,33604.5329
9070431,Premium Luxury,33205.457
9070592,Limited,42150.70805
9074675,Luxury AWD,32887.01008
9074782,,37894.08948
9077227,High Altitude,25753.81369
9078285,Limited 4x4,33273.74203
9078777,Limited 75th Anniversary Edition,38295.93975
9079178,Premium Luxury FWD,42141.31515
9080568,FWD,24792.52015
9080676,High Altitude,27819.36072
9082149,Limited 75th Anniversary Edition,29094.8875
9083142,75th Anniversary Edition,26776.29899
9083654,FWD,25362.87386
9084099,Limited 75th Anniversary Edition,44382.52377
9084596,Limited 75th Anniversary,30435.61602
9087633,Limited 75th Anniversary Edition,38614.12544
9088302,Laredo E,27377.75389
9088333,High Altitude,20734.39682
9088611,Laredo E,25347.69275
9089357,Limited X,32166.02305
9092809,Altitude,25078.60896
9093790,Limited,24518.57673
9096073,High Altitude,33864.16997
9096556,High Altitude,30684.60393
9096740,Altitude,31095.94365
9098371,High Altitude,25270.46853
9099031,Luxury FWD,31084.20465
9100307,Base,25632.80185
9102600,Limited,30172.3419
9103916,Laredo E,36184.67743
9105572,Laredo E,33692.67836
9108300,Luxury,39331.79801
9108504,Luxury AWD,37764.38447
9108532,Luxury FWD,25814.40601
9108837,Limited 75th Anniversary Edition,27024.56388
9109461,Luxury FWD,40412.40557
9110002,FWD,30274.9511
9110594,Platinum,41973.73402
9111335,Altitude,31879.50496
9112122,High Altitude,26214.39311
9112139,Limited 4x4,25531.55656
9115717,Base,23094.19319
9116165,Limited,25759.70648
9116447,Laredo E,32421.68181
9117322,Laredo,24055.10188
9118862,Limited X,30288.05166
9122119,FWD,23454.86752
9125141,Limited,37160.5438
9126405,Limited 4x4,30033.77452
9126954,Base,34711.44587
9127201,Limited 75th Anniversary Edition,33101.3708
9131317,Luxury AWD,38922.14261
9133826,Limited X,30289.77401
9134284,Altitude,23993.98471
9138262,Altitude,23596.25228
9138408,Luxury,31316.27766
9142011,Limited X,26320.35044
9142196,High Altitude,25915.13356
9142824,FWD,23951.55617
9145797,High Altitude,27123.93734
9148363,Laredo E,35424.53452
9148497,Base,25841.9859
9151664,Limited X,38527.34698
9153222,SRT,37794.47033
9153395,FWD,25795.87552
9154630,High Altitude,25456.33279
9154757,High Altitude,28949.32968
9155976,Base,32156.52891
9156589,Luxury AWD,40059.04346
9157538,Luxury AWD,29499.02501
9158065,Laredo E,27675.49489
9159500,Laredo E,26232.78508
9161325,FWD,22323.05505
9161363,Limited X,27433.32172
9162696,Laredo E,38961.94618
9163609,Laredo,40494.88305
9165110,Limited 75th Anniversary Edition,34374.19807
9165528,Platinum,50144.40978
9166667,Limited 75th Anniversary Edition,34865.71866
9168313,Altitude,33581.69624
9175064,FWD,25505.41151
9175577,Base,34751.75893
9176535,Limited X,27208.01692
9176968,Limited 75th Anniversary,34542.02416
9177500,Laredo E,31080.36484
9179174,Laredo,38607.22423
9180263,FWD,33794.72701
9180366,FWD,34550.3943
9181440,Limited 75th Anniversary Edition,29756.43889
9184406,Luxury FWD,45104.51166
9184446,Limited X,36936.06828
9184811,Luxury AWD,39140.61678
9185292,Luxury AWD,34104.26959
9187600,Limited X,41730.68071
9189836,Premium Luxury AWD,42337.15109
9190386,Luxury,36942.78183
9191124,Laredo,29672.82105
9198908,High Altitude,30174.51068
9199402,Limited 75th Anniversary Edition,36776.48826
9201396,Luxury FWD,39703.6863
9201772,Limited 4x4,38885.90581
9202906,Luxury,38350.26413
9204978,Luxury AWD,40925.61689
9205683,Laredo,25616.76982
9205963,Base,22464.67052
9208325,FWD,27777.61688
9209502,Summit,42281.54841
9210570,Limited,38090.32584
9211215,FWD,25955.55308
9212070,Limited 75th Anniversary,27916.98443
9212628,Limited 75th Anniversary,51595.51675
9214151,Limited 75th Anniversary Edition,36397.59647
9216143,FWD,24022.03882
9216524,Base,26240.9419
9221500,Limited 75th Anniversary,26354.87513
9221860,Limited 75th Anniversary Edition,43397.44434
9222935,FWD,35045.55839
9225066,Limited 4x4,38444.53486
9226313,Platinum AWD,47603.0618
9227793,Base,25686.36085
9228294,Luxury,40839.28826
9229637,Altitude,26502.19758
9230853,Altitude,36636.37207
9231088,Limited 75th Anniversary Edition,30585.48809
9231674,Limited 75th Anniversary,38214.64782
9231781,Platinum,50881.2264
9238857,Laredo E,36508.35805
9241003,Laredo E,36937.32296
9242507,Altitude,25095.86547
9243259,Laredo,26680.53241
9244075,Limited,26772.85774
9245079,Limited 75th Anniversary,33160.04566
9247020,Limited X,45107.3979
9248796,Limited,31836.42349
9255465,Base,26720.93215
9256112,Limited 75th Anniversary,38002.49876
9256179,Limited 75th Anniversary Edition,23115.49912
9257609,Luxury FWD,46999.87659
9257753,Limited 4x4,29080.96337
9258803,Limited 75th Anniversary Edition,33032.67283
9259597,Base,27370.80335
9261644,Luxury AWD,33927.92546
9261697,Limited 75th Anniversary,37593.07043
9267286,Base,25479.38644
9267307,Base,22434.39658
9269873,High Altitude,29453.47393
9270439,Limited 75th Anniversary,34730.56996
9270892,Limited X,36358.19416
9271545,Limited 4x4,26088.8477
9272064,Limited 75th Anniversary,38359.71659
9273751,Luxury AWD,29576.26085
9273764,Luxury FWD,37471.71498
9274489,Premium Luxury,35034.44769
9276715,Limited 75th Anniversary Edition,33849.44597
9276772,Laredo,36578.25452
9278058,High Altitude,29879.20811
9278230,Limited 4x4,34732.8399
9278931,Overland,40687.61072
9279613,Limited 75th Anniversary Edition,37892.17764
9281095,Laredo E,24348.00029
9281526,Luxury,26272.07978
9284184,Base,25479.88539
9285590,Premium Luxury,40316.43831
9286400,Limited 75th Anniversary,36414.92616
9287668,Laredo,30447.04637
9287830,High Altitude,24156.52834
9287891,Limited,31680.68219
9289738,Limited 4x4,40297.40601
9290266,Limited 75th Anniversary Edition,35175.05367
9291113,Luxury AWD,37297.58682
9292405,Limited 4x4,29647.92206
9293744,Base,27453.93342
9294807,Limited 4x4,28106.5343
9296899,Platinum,35216.53362
9298636,,42892.05994
9299234,Base,28781.3466
9299327,Limited 4x4,28580.68476
9300154,Limited 75th Anniversary,38977.0135
9302093,Altitude,26448.32431
9302171,Luxury,34472.92682
9303405,Limited 75th Anniversary,27384.95934
9305556,Base,27649.25072
9306235,Luxury AWD,36817.43088
9307526,Limited 4x4,32066.89801
9308276,Limited 4x4,30755.4951
9308829,Luxury,38876.16949
9308919,Luxury FWD,37331.7634
9310321,FWD,28065.42265
9310601,Altitude,23693.72535
9311418,Altitude,25078.60896
9311726,Laredo,27360.96758
9312585,Overland,33494.52661
9313322,Overland,37849.34478
9313371,Laredo,25463.77778
9314071,High Altitude,24140.33118
9314333,Base,28714.89383
9315077,Base,39718.16518
9317289,Luxury AWD,33420.46601
9318446,Luxury,38002.29049
9321548,Limited,39243.16076
9323060,Limited,37276.74981
9325988,Limited,24833.9565
9326711,Laredo E,26551.34613
9328714,Platinum,35849.12219
9331224,Limited X,27325.96467
9331973,Laredo E,36663.08758
9331993,Laredo E,26352.26555
9332127,Luxury AWD,38660.851
9332548,Limited 75th Anniversary,28805.91559
9334190,FWD,30725.7595
9334482,Limited 75th Anniversary,38943.02626
9334797,FWD,25473.83371
9336299,Limited X,30500.55591
9337350,Limited X,26871.09462
9340996,Luxury AWD,34221.26124
9341463,Luxury,31256.94403
9342474,Luxury FWD,29769.00903
9343479,Sterling Edition,27803.45695
9344327,High Altitude,25515.04448
9346448,Laredo E,38234.29798
9346974,Limited,33863.51473
9349474,Base,24900.59299
9350169,Limited 75th Anniversary Edition,30369.0858
9350208,High Altitude,37356.84887
9353647,FWD,26488.97258
9355673,FWD,24139.24755
9356687,,42035.16568
9357732,Base,27118.34412
9359046,High Altitude,26303.6457
9359070,Overland,54224.77013
9359187,Limited 75th Anniversary Edition,35958.49562
9360069,Limited X,33471.34431
9361297,High Altitude,21298.86059
9362852,FWD,28537.2538
9372100,High Altitude,33568.2443
9372143,Limited X,40487.86658
9374068,Luxury,38673.78453
9374429,Premium Luxury AWD,48034.08508
9375434,Base,20939.60005
9376862,High Altitude,25133.75954
9380881,Limited,21925.82925
9382478,Laredo,35656.09133
9383650,FWD,28007.36221
9383723,Limited 75th Anniversary,27577.18742
9384867,Luxury,35553.77663
9384931,High Altitude,28466.52479
9386764,Limited,41642.43286
9386786,Platinum,33689.91547
9386835,Platinum,37898.27145
9386843,Luxury AWD,37329.32686
9386963,Limited,31599.93149
9387144,Luxury,34990.35296
9388119,Limited 75th Anniversary Edition,35951.28984
9388414,Luxury,28160.41489
9390822,Limited 75th Anniversary Edition,36405.11781
9394710,Luxury FWD,39163.2904
9394802,High Altitude,35249.98872
9396608,High Altitude,30038.11648
9399912,Limited 75th Anniversary,36099.69898
9402840,High Altitude,22761.60534
9403538,High Altitude,23281.15693
9404019,Luxury AWD,32922.05855
9405729,Laredo,35110.23578
9406626,High Altitude,25759.71089
9407834,Base,23035.78796
9408368,Limited 75th Anniversary Edition,32600.30875
9410983,Luxury AWD,37990.78707
9411546,Luxury,30427.9317
9414899,Limited 4x4,33548.07479
9417109,Limited,43230.88754
9418608,Limited 75th Anniversary Edition,29813.38061
9419547,Limited 4x4,28604.94483
9421271,Limited 4x4,34514.03846
9423549,Luxury AWD,39140.61678
9424292,Limited 75th Anniversary,38569.42361
9425728,Limited 75th Anniversary Edition,39993.31474
9432063,Limited X,35901.22134
9432150,Limited 75th Anniversary Edition,36075.61414
9432218,Limited 4x4,37639.63713
9432761,Limited X,31211.18033
9435458,Laredo,32206.04758
9435670,Limited 75th Anniversary,37062.27655
9435846,Luxury AWD,41441.25331
9438211,Limited 75th Anniversary,31350.0635
9440729,Laredo,36841.60853
9441094,Laredo E,25131.79262
9443896,Laredo E,33959.92214
9443922,Limited 75th Anniversary Edition,31223.33164
9444222,Altitude,22049.88402
9444388,Limited 75th Anniversary Edition,48481.67187
9444848,Limited,39667.97297
9445337,FWD,28095.41188
9446619,High Altitude,27090.05711
9448529,Laredo,25181.96077
9450048,Laredo E,40176.14468
9450751,FWD,34699.64768
9451732,Platinum AWD,32760.58353
9454054,Limited 75th Anniversary Edition,39957.41231
9455252,Limited,34302.50056
9456585,High Altitude,27224.73131
9460708,Limited X,36010.07316
9462283,High Altitude,23752.71687
9463348,Limited 75th Anniversary,35796.66504
9464422,Overland,38968.46615
9464585,Base,25522.37263
9464719,Limited 4x4,24677.29439
9467514,Laredo E,38017.26764
9472360,Platinum,38417.99303
9474459,Base,31536.55021
9474750,Overland,30019.28709
9475171,Limited X,42568.76981
9477236,Limited 4x4,27613.21039
9482025,Limited,26249.03224
9485165,Limited 4x4,27546.07449
9487025,Premium Luxury FWD,29828.18317
9487552,Limited,25553.28175
9487577,Limited 75th Anniversary,36308.6004
9490127,High Altitude,26577.63206
9490897,Luxury AWD,40049.46644
9492101,Luxury,37276.79576
9493372,Overland,33337.32434
9494023,Limited 4x4,25212.0056
9495597,Premium Luxury,45649.27751
9496706,High Altitude,27682.01791
9498477,Limited,29755.84782
9499011,Limited 75th Anniversary Edition,27809.19435
9499698,FWD,24311.01178
9500985,FWD,25487.81979
9502677,Laredo E,26217.02949
9502935,Luxury,33208.56639
9503387,,35525.62749
9503413,Limited 75th Anniversary,36852.25769
9503423,Laredo,27364.68431
9504536,FWD,33625.50862
9504709,High Altitude,26418.97178
9505762,FWD,23573.55806
9508315,FWD,26200.87342
9509424,High Altitude,26349.0471
9512671,FWD,32159.51344
9512733,Laredo,36419.6197
9513511,Laredo E,23014.67715
9515358,75th Anniversary Edition,22332.73706
9517017,Limited 75th Anniversary,35748.97725
9517175,Luxury,45897.42261
9517372,Laredo,34234.66993
9518629,High Altitude,26592.3366
9522083,Limited 75th Anniversary,35995.803
9523971,FWD,23467.47478
9523991,Limited 4x4,43095.96013
9527207,FWD,30708.69781
9530383,High Altitude,22458.78799
9532434,Luxury,42212.08766
9532775,High Altitude,35045.86649
9537015,Luxury,37982.55808
9539007,Laredo E,24278.13674
9539454,Laredo,28356.73807
9541633,,39524.36331
9542202,75th Anniversary Edition,24484.3226
9544120,Altitude,32923.55027
9547782,Limited X,30367.02363
9547792,Limited,25826.72172
9547959,High Altitude,26540.85794
9549298,Limited 75th Anniversary,34091.26281
9550322,Base,39083.08062
9551141,Limited 4x4,43600.22895
9551522,Altitude,27624.19954
9552362,Luxury,24723.16495
9557784,Limited 75th Anniversary,29073.37963
9563914,Base,23296.20117
9566250,Laredo E,35827.46774
9567945,Limited,40418.10648
9568754,Luxury,30947.96693
9570432,Laredo,23360.42491
9570590,Limited,31773.62262
9571660,Limited X,33160.1857
9574542,Luxury FWD,26943.69749
9575542,FWD,26284.47427
9575585,75th Anniversary Edition,31885.19204
9579866,Overland,40729.64261
9584997,Limited X,30343.82835
9586236,Limited,26311.25607
9588071,Altitude,23564.75429
9590202,Premium Luxury,43493.25386
9591796,Luxury,29735.91677
9592254,Premium Luxury AWD,51837.90903
9593503,Limited 75th Anniversary Edition,31223.33164
9594425,High Altitude,28062.22411
9596121,Base,25685.43314
9598327,Limited 75th Anniversary Edition,30537.35529
9598503,FWD,28618.09533
9599347,Base,23360.89724
9600145,Limited 75th Anniversary,34271.87769
9600351,High Altitude,33322.42775
9600982,High Altitude,25971.92823
9601191,Luxury,36081.85305
9603239,Luxury,24997.46558
9604188,Luxury,38696.64311
9604524,Limited 75th Anniversary Edition,36020.50343
9604540,Limited 75th Anniversary,35879.24947
9604591,Platinum AWD,40046.89291
9606466,Limited 75th Anniversary,27598.91507
9606938,Limited,37143.78381
9608410,High Altitude,31222.9743
9608595,High Altitude,25258.24735
9610659,Limited 75th Anniversary,44437.73086
9612498,Laredo,22039.09197
9613453,Laredo,38938.87263
9614849,Limited 75th Anniversary,36482.98426
9616604,Altitude,24744.27708
9617768,Base,27231.48085
9618189,Luxury AWD,34329.21619
9618196,Limited,28940.96979
9618810,Laredo E,37908.21099
9619009,Laredo,31159.27548
9621889,Luxury,32503.4256
9623618,Laredo E,33902.44819
9624228,High Altitude,26434.81335
9624785,Laredo,37729.17384
9627868,Limited 75th Anniversary Edition,33451.87669
9634453,Laredo,33344.94113
9637076,Limited 4x4,29962.48655
9639041,Limited 4x4,33188.95827
9640476,Laredo,22914.40309
9643148,FWD,33596.47711
9648369,Base,32296.04392
9649145,Base,21383.5989
9650586,Platinum,43188.30736
9652429,Limited 75th Anniversary,35882.07597
9653557,FWD,26078.7709
9654384,FWD,28588.34624
9655322,Luxury FWD,50812.50858
9658383,Platinum AWD,36375.84758
9659876,Base,24158.32128
9659947,Base,33851.19158
9660660,,40271.75566
9661439,High Altitude,27681.92275
9662394,75th Anniversary,24582.16584
9663663,Laredo,36932.21342
9663771,Luxury AWD,46416.10075
9668632,Laredo,35672.5204
9669919,Limited X,40253.67399
9672644,Limited X,45260.93907
9673021,Laredo E,25925.70635
9673166,Overland,39737.83321
9673966,Luxury AWD,28459.64059
9674536,Luxury AWD,38954.04752
9679724,Limited 75th Anniversary,36792.9417
9680331,FWD,26722.47545
9680722,High Altitude,26163.57025
9680868,Base,24270.51763
9681212,Altitude,27549.03416
9682286,FWD,24600.84973
9682472,Limited X,37320.81397
9684350,Luxury,30277.31606
9687504,FWD,27768.9592
9689691,Laredo E,25588.07922
9693139,Limited 75th Anniversary Edition,32322.60142
9693143,Limited X,43102.5328
9693471,Limited X,36692.77118
9694325,Laredo,25684.34765
9695257,Limited 75th Anniversary Edition,24981.64345
9696794,Limited 75th Anniversary,32316.49394
9697635,Limited 75th Anniversary Edition,37059.28773
9697732,Limited,29777.11319
9698726,FWD,22446.9937
9699502,FWD,24173.26787
9700132,Limited 75th Anniversary Edition,30471.14529
9700320,Limited 75th Anniversary,38070.54335
9703648,Limited 4x4,33699.50811
9704783,Limited 75th Anniversary,40423.66584
9706745,Limited 4x4,31260.36142
9709101,Limited 75th Anniversary Edition,31004.88424
9710291,Laredo E,26549.31302
9714044,Limited 75th Anniversary Edition,40329.3601
9714621,Laredo E,29464.57061
9714760,Limited 75th Anniversary Edition,38133.69223
9714803,Luxury,40996.52098
9714950,Laredo E,28080.26827
9718755,Luxury,38224.00713
9719565,Base,23490.6002
9720612,Laredo,23945.34637
9721521,Limited,37982.6225
9721843,Limited 75th Anniversary,56692.58629
9722112,Limited 75th Anniversary,35598.48368
9726988,Altitude,27112.81227
9728527,75th Anniversary Edition,25068.06079
9730368,FWD,23752.03572
9736392,Base,28551.36268
9737171,Laredo E,31307.43839
9741502,Limited 75th Anniversary Edition,39628.15988
9744378,Limited 75th Anniversary Edition,37907.51186
9744754,Limited 75th Anniversary Edition,39547.5227
9745918,High Altitude,25740.81017
9748003,Limited X,31110.1782
9749176,Limited 4x4,38066.79478
9749658,Altitude,33326.57958
9751553,Platinum AWD,44840.3312
9752395,Limited 75th Anniversary,39094.63089
9755918,Overland,32165.29026
9756268,Limited 75th Anniversary,40106.00379
9757502,FWD,35513.47186
9757910,Limited 75th Anniversary,36223.50162
9758672,Laredo,34899.7656
9758713,Laredo E,28104.55589
9758815,FWD,24315.03321
9761214,Luxury,36458.55562
9761664,Laredo E,25957.2624
9762665,Luxury AWD,27977.56304
9763503,Laredo,30422.88737
9763720,75th Anniversary,35891.16694
9767161,Base,24685.71473
9767619,Limited X,34033.8034
9767642,Base,37543.35143
9767922,Premium Luxury,44917.09505
9768562,Limited,36453.63483
9769468,Base,25455.42351
9769938,FWD,28481.81493
9770071,FWD,33323.65192
9771030,Laredo,39411.82881
9775163,FWD,26556.64833
9777766,Limited,37261.94612
9780161,Overland,39712.02932
9780517,FWD,35044.2485
9780810,Base,25577.74017
9783292,Limited 75th Anniversary Edition,37124.38996
9783398,FWD,27554.17474
9783644,Laredo E,34676.25353
9785606,High Altitude,25020.04342
9786517,FWD,25414.3256
9786874,Limited 75th Anniversary,28141.70378
9790578,Limited X,33836.10433
9792541,Limited 4x4,36548.91488
9792862,Laredo,28747.13468
9793395,Luxury,36401.69058
9794601,Laredo,24671.43513
9795949,Luxury,35479.06402
9798391,Limited X,26360.47723
9799795,Limited 4x4,35268.91802
9799832,High Altitude,26929.98466
9801393,FWD,37050.27346
9803130,Limited 4x4,27789.85864
9807617,Altitude,32947.54598
9807943,Limited 75th Anniversary Edition,30331.31895
9810438,,34575.24947
9810549,Limited 75th Anniversary,37474.49518
9810577,Luxury AWD,31422.84736
9810785,Luxury,54577.68218
9812088,FWD,26312.42497
9813156,Base,26462.41073
9817426,Laredo,34957.13593
9818272,Limited 75th Anniversary,36661.53293
9819287,Limited 75th Anniversary Edition,28985.35094
9821758,Limited X,37412.66342
9821894,High Altitude,39343.71547
9822715,High Altitude,25638.7508
9823076,Limited 75th Anniversary Edition,36308.36769
9824309,FWD,33669.54919
9828347,Limited 4x4,38561.835
9830391,Limited 75th Anniversary Edition,29664.80631
9831099,High Altitude,24954.70446
9831484,Laredo E,27603.15172
9831900,Overland,32297.68942
9834794,Laredo,27578.05062
9835745,Base,28682.97905
9836065,Limited 75th Anniversary,30011.11267
9836140,Limited,30496.48332
9836628,Laredo E,29289.47505
9838402,FWD,26886.14468
9839769,Laredo,30737.98781
9839930,Luxury AWD,39578.30575
9841470,High Altitude,30083.79937
9842004,Luxury FWD,26185.05852
9845972,Limited 75th Anniversary,36635.96072
9846597,High Altitude,29569.08012
9848001,Limited 75th Anniversary,37145.79294
9848461,,34368.05884
9849719,Laredo E,39740.00826
9854335,Limited X,33151.63418
9855773,Overland,44566.91345
9856130,Limited 4x4,24683.8562
9861769,Base,38544.05505
9864631,Luxury FWD,26837.03574
9868446,High Altitude,27239.47972
9869960,Limited 75th Anniversary Edition,46978.54602
9870294,Limited 4x4,33730.18932
9870441,Base,32105.69034
9875494,Laredo,21677.89361
9876436,Laredo,39105.60605
9877857,Limited X,39273.03377
9878132,Luxury FWD,39199.27965
9878825,FWD,36678.83516
9881305,Laredo E,26960.87606
9881321,Laredo E,22402.51881
9882437,Laredo,23772.83311
9883710,Luxury FWD,35354.5372
9884080,High Altitude,29223.03855
9884166,High Altitude,46655.85016
9886305,Limited 75th Anniversary,32322.73167
9887535,Luxury,40145.65554
9892047,Laredo E,29291.01964
9892700,Base,26687.14698
9895432,Limited,37725.66429
9895563,Altitude,25912.35064
9897154,FWD,33659.38767
9899447,75th Anniversary Edition,24362.05886
9901013,75th Anniversary,37152.69616
9903334,Limited,28043.54744
9904160,Limited 75th Anniversary Edition,26498.42656
9904748,Luxury,35819.71049
9904894,Limited,39043.50887
9905333,Luxury FWD,57011.25111
9905425,75th Anniversary Edition,22943.17609
9906798,Base,33168.22436
9907509,High Altitude,23611.93717
9908831,High Altitude,25285.97166
9911508,75th Anniversary Edition,35705.35785
9911566,Sterling Edition,40596.67971
9914638,75th Anniversary,39281.72945
9916194,Overland,39012.84245
9919130,Laredo,29971.51055
9919543,Limited 75th Anniversary,31494.85802
9919811,Limited 4x4,43437.30922
9920606,Luxury AWD,48827.30969
9921843,Laredo E,35644.45894
9922575,Laredo,29218.09109
9923139,Luxury FWD,29768.01511
9923623,Limited 75th Anniversary Edition,32999.30398
9926800,Limited 75th Anniversary,37776.57711
9927719,High Altitude,32656.03677
9928111,Altitude,25139.69459
9929293,High Altitude,26916.04301
9930913,Luxury FWD,32506.76151
9931390,Base,24478.55786
9933174,Laredo E,27413.27337
9933329,Limited X,29448.77859
9934991,Laredo,31943.03685
9939359,Laredo,26459.39194
9939688,Luxury FWD,44577.2382
9941824,Limited X,42095.34427
9943742,Luxury AWD,33422.92703
9944130,Limited X,33320.64192
9945691,Limited,25548.05807
9948073,Laredo,40376.84839
9950820,Base,23717.00361
9951165,FWD,25694.8326
9952697,Base,31703.34145
9953049,Limited 4x4,31304.83087
9957979,Luxury,39885.29728
9960120,FWD,25736.15928
9961717,Limited 75th Anniversary,29847.06877
9963214,Altitude,25986.82495
9966074,Base,25102.25681
9966158,High Altitude,22495.82474
9971337,Limited 75th Anniversary Edition,31271.07078
9976374,Laredo E,36395.46976
9977087,Laredo E,23332.38588
9977798,Laredo,22620.67195
9979753,Luxury FWD,32597.01181
9981584,,41735.8204
9983383,High Altitude,25571.48205
9983736,Base,29578.37757
9986645,Base,21912.01686
9986711,Luxury FWD,34547.63501
9987122,High Altitude,32345.87552
9987266,Limited 75th Anniversary Edition,25037.08897
9987374,Limited 4x4,45805.03861
9989599,,45555.73847
9991651,FWD,32732.06594
9992170,Limited X,42374.51975
9992442,Limited X,30423.97974
9993562,,39992.13752
9994646,Platinum,44289.82747
9997199,Luxury FWD,44193.55443
9999562,Limited 75th Anniversary Edition,36849.02808